-- phpMyAdmin SQL Dump
-- version 5.2.1
-- https://www.phpmyadmin.net/
--
-- Host: 127.0.0.1
-- Generation Time: Feb 15, 2024 at 06:05 PM
-- Server version: 10.4.32-MariaDB
-- PHP Version: 8.2.12

SET SQL_MODE = "NO_AUTO_VALUE_ON_ZERO";
START TRANSACTION;
SET time_zone = "+00:00";


/*!40101 SET @OLD_CHARACTER_SET_CLIENT=@@CHARACTER_SET_CLIENT */;
/*!40101 SET @OLD_CHARACTER_SET_RESULTS=@@CHARACTER_SET_RESULTS */;
/*!40101 SET @OLD_COLLATION_CONNECTION=@@COLLATION_CONNECTION */;
/*!40101 SET NAMES utf8mb4 */;

--
-- Database: `dwcpekps`
--

-- --------------------------------------------------------

--
-- Stand-in structure for view `academic_year`
-- (See below for the actual view)
--
CREATE TABLE `academic_year` (
`วันที่` date
,`วันที่หลังเปิดเทอม` int(8)
,`สัปดาห์ที่หลังเปิดเทอม` int(9)
,`เทอม` varchar(20)
,`ปีการศึกษา` varchar(5)
,`เป็นสอบกลางภาค` int(1)
,`เป็นสอบปลายภาค` int(1)
,`ก่อนmid:0 หลังmid:1` int(1)
);

-- --------------------------------------------------------

--
-- Table structure for table `getdate`
--

CREATE TABLE `getdate` (
  `get_id` int(11) NOT NULL,
  `get_date` date NOT NULL,
  `calendar_id` int(11) NOT NULL
) ENGINE=InnoDB DEFAULT CHARSET=latin1 COLLATE=latin1_swedish_ci;

--
-- Dumping data for table `getdate`
--

INSERT INTO `getdate` (`get_id`, `get_date`, `calendar_id`) VALUES
(1, '2020-01-01', 1),
(2, '2020-01-02', 1),
(3, '2020-01-03', 1),
(4, '2020-01-04', 1),
(5, '2020-01-05', 1),
(6, '2020-01-06', 1),
(7, '2020-01-07', 1),
(8, '2020-01-08', 1),
(9, '2020-01-09', 1),
(10, '2020-01-10', 1),
(11, '2020-01-11', 1),
(12, '2020-01-12', 1),
(13, '2020-01-13', 1),
(14, '2020-01-14', 1),
(15, '2020-01-15', 1),
(16, '2020-01-16', 1),
(17, '2020-01-17', 1),
(18, '2020-01-18', 1),
(19, '2020-01-19', 1),
(20, '2020-01-20', 1),
(21, '2020-01-21', 1),
(22, '2020-01-22', 1),
(23, '2020-01-23', 1),
(24, '2020-01-24', 1),
(25, '2020-01-25', 1),
(26, '2020-01-26', 1),
(27, '2020-01-27', 1),
(28, '2020-01-28', 1),
(29, '2020-01-29', 1),
(30, '2020-01-30', 1),
(31, '2020-01-31', 1),
(32, '2020-02-01', 1),
(33, '2020-02-02', 1),
(34, '2020-02-03', 1),
(35, '2020-02-04', 1),
(36, '2020-02-05', 1),
(37, '2020-02-06', 1),
(38, '2020-02-07', 1),
(39, '2020-02-08', 1),
(40, '2020-02-09', 1),
(41, '2020-02-10', 1),
(42, '2020-02-11', 1),
(43, '2020-02-12', 1),
(44, '2020-02-13', 1),
(45, '2020-02-14', 1),
(46, '2020-02-15', 1),
(47, '2020-02-16', 1),
(48, '2020-02-17', 1),
(49, '2020-02-18', 1),
(50, '2020-02-19', 1),
(51, '2020-02-20', 1),
(52, '2020-02-21', 1),
(53, '2020-02-22', 1),
(54, '2020-02-23', 1),
(55, '2020-02-24', 1),
(56, '2020-02-25', 1),
(57, '2020-02-26', 1),
(58, '2020-02-27', 1),
(59, '2020-02-28', 1),
(60, '2020-02-29', 1),
(61, '2020-03-01', 1),
(62, '2020-03-02', 1),
(63, '2020-03-03', 1),
(64, '2020-03-04', 1),
(65, '2020-03-05', 1),
(66, '2020-03-06', 1),
(67, '2020-03-07', 1),
(68, '2020-03-08', 1),
(69, '2020-03-09', 1),
(70, '2020-03-10', 1),
(71, '2020-03-11', 1),
(72, '2020-03-12', 1),
(73, '2020-03-13', 1),
(74, '2020-03-14', 1),
(75, '2020-03-15', 1),
(76, '2020-03-16', 1),
(77, '2020-03-17', 1),
(78, '2020-03-18', 1),
(79, '2020-03-19', 1),
(80, '2020-03-20', 1),
(81, '2020-03-21', 1),
(82, '2020-03-22', 1),
(83, '2020-03-23', 1),
(84, '2020-03-24', 1),
(85, '2020-03-25', 1),
(86, '2020-03-26', 1),
(87, '2020-03-27', 1),
(88, '2020-03-28', 1),
(89, '2020-03-29', 1),
(90, '2020-03-30', 1),
(91, '2020-03-31', 1),
(92, '2020-04-01', 1),
(93, '2020-04-02', 1),
(94, '2020-04-03', 1),
(95, '2020-04-04', 1),
(96, '2020-04-05', 1),
(97, '2020-04-06', 1),
(98, '2020-04-07', 1),
(99, '2020-04-08', 1),
(100, '2020-04-09', 1),
(101, '2020-04-10', 1),
(102, '2020-04-11', 1),
(103, '2020-04-12', 1),
(104, '2020-04-13', 1),
(105, '2020-04-14', 1),
(106, '2020-04-15', 1),
(107, '2020-04-16', 1),
(108, '2020-04-17', 1),
(109, '2020-04-18', 1),
(110, '2020-04-19', 1),
(111, '2020-04-20', 1),
(112, '2020-04-21', 1),
(113, '2020-04-22', 1),
(114, '2020-04-23', 1),
(115, '2020-04-24', 1),
(116, '2020-04-25', 1),
(117, '2020-04-26', 1),
(118, '2020-04-27', 1),
(119, '2020-04-28', 1),
(120, '2020-04-29', 1),
(121, '2020-04-30', 1),
(122, '2020-05-01', 1),
(123, '2020-05-02', 1),
(124, '2020-05-03', 1),
(125, '2020-05-04', 1),
(126, '2020-05-05', 1),
(127, '2020-05-06', 1),
(128, '2020-05-07', 1),
(129, '2020-05-08', 1),
(130, '2020-05-09', 1),
(131, '2020-05-10', 1),
(132, '2020-05-11', 1),
(133, '2020-05-12', 1),
(134, '2020-05-13', 1),
(135, '2020-05-14', 1),
(136, '2020-05-15', 1),
(137, '2020-05-16', 1),
(138, '2020-05-17', 1),
(139, '2020-05-18', 1),
(140, '2020-05-19', 1),
(141, '2020-05-20', 1),
(142, '2020-05-21', 1),
(143, '2020-05-22', 1),
(144, '2020-05-23', 1),
(145, '2020-05-24', 1),
(146, '2020-05-25', 1),
(147, '2020-05-26', 1),
(148, '2020-05-27', 1),
(149, '2020-05-28', 1),
(150, '2020-05-29', 1),
(151, '2020-05-30', 1),
(152, '2020-05-31', 1),
(153, '2020-06-01', 1),
(154, '2020-06-02', 1),
(155, '2020-06-03', 1),
(156, '2020-06-04', 1),
(157, '2020-06-05', 1),
(158, '2020-06-06', 1),
(159, '2020-06-07', 1),
(160, '2020-06-08', 1),
(161, '2020-06-09', 1),
(162, '2020-06-10', 1),
(163, '2020-06-11', 1),
(164, '2020-06-12', 1),
(165, '2020-06-13', 1),
(166, '2020-06-14', 1),
(167, '2020-06-15', 1),
(168, '2020-06-16', 1),
(169, '2020-06-17', 1),
(170, '2020-06-18', 1),
(171, '2020-06-19', 1),
(172, '2020-06-20', 1),
(173, '2020-06-21', 1),
(174, '2020-06-22', 1),
(175, '2020-06-23', 1),
(176, '2020-06-24', 1),
(177, '2020-06-25', 1),
(178, '2020-06-26', 1),
(179, '2020-06-27', 1),
(180, '2020-06-28', 1),
(181, '2020-06-29', 1),
(182, '2020-06-30', 1),
(183, '2020-07-01', 1),
(184, '2020-07-02', 1),
(185, '2020-07-03', 1),
(186, '2020-07-04', 1),
(187, '2020-07-05', 1),
(188, '2020-07-06', 1),
(189, '2020-07-07', 1),
(190, '2020-07-08', 1),
(191, '2020-07-09', 1),
(192, '2020-07-10', 1),
(193, '2020-07-11', 1),
(194, '2020-07-12', 1),
(195, '2020-07-13', 1),
(196, '2020-07-14', 1),
(197, '2020-07-15', 1),
(198, '2020-07-16', 1),
(199, '2020-07-17', 1),
(200, '2020-07-18', 1),
(201, '2020-07-19', 1),
(202, '2020-07-20', 1),
(203, '2020-07-21', 1),
(204, '2020-07-22', 1),
(205, '2020-07-23', 1),
(206, '2020-07-24', 1),
(207, '2020-07-25', 1),
(208, '2020-07-26', 1),
(209, '2020-07-27', 1),
(210, '2020-07-28', 1),
(211, '2020-07-29', 1),
(212, '2020-07-30', 1),
(213, '2020-07-31', 1),
(214, '2020-08-01', 1),
(215, '2020-08-02', 1),
(216, '2020-08-03', 1),
(217, '2020-08-04', 1),
(218, '2020-08-05', 1),
(219, '2020-08-06', 1),
(220, '2020-08-07', 1),
(221, '2020-08-08', 1),
(222, '2020-08-09', 1),
(223, '2020-08-10', 1),
(224, '2020-08-11', 1),
(225, '2020-08-12', 1),
(226, '2020-08-13', 1),
(227, '2020-08-14', 1),
(228, '2020-08-15', 1),
(229, '2020-08-16', 1),
(230, '2020-08-17', 1),
(231, '2020-08-18', 1),
(232, '2020-08-19', 1),
(233, '2020-08-20', 1),
(234, '2020-08-21', 1),
(235, '2020-08-22', 1),
(236, '2020-08-23', 1),
(237, '2020-08-24', 1),
(238, '2020-08-25', 1),
(239, '2020-08-26', 1),
(240, '2020-08-27', 1),
(241, '2020-08-28', 1),
(242, '2020-08-29', 1),
(243, '2020-08-30', 1),
(244, '2020-08-31', 1),
(245, '2020-09-01', 1),
(246, '2020-09-02', 1),
(247, '2020-09-03', 1),
(248, '2020-09-04', 1),
(249, '2020-09-05', 1),
(250, '2020-09-06', 1),
(251, '2020-09-07', 1),
(252, '2020-09-08', 1),
(253, '2020-09-09', 1),
(254, '2020-09-10', 1),
(255, '2020-09-11', 1),
(256, '2020-09-12', 1),
(257, '2020-09-13', 1),
(258, '2020-09-14', 1),
(259, '2020-09-15', 1),
(260, '2020-09-16', 1),
(261, '2020-09-17', 1),
(262, '2020-09-18', 1),
(263, '2020-09-19', 1),
(264, '2020-09-20', 1),
(265, '2020-09-21', 1),
(266, '2020-09-22', 1),
(267, '2020-09-23', 1),
(268, '2020-09-24', 1),
(269, '2020-09-25', 1),
(270, '2020-09-26', 1),
(271, '2020-09-27', 1),
(272, '2020-09-28', 1),
(273, '2020-09-29', 1),
(274, '2020-09-30', 1),
(275, '2020-10-01', 1),
(276, '2020-10-02', 1),
(277, '2020-10-03', 1),
(278, '2020-10-04', 1),
(279, '2020-10-05', 1),
(280, '2020-10-06', 1),
(281, '2020-10-07', 1),
(282, '2020-10-08', 1),
(283, '2020-10-09', 1),
(284, '2020-10-10', 1),
(285, '2020-10-11', 1),
(286, '2020-10-12', 1),
(287, '2020-10-13', 1),
(288, '2020-10-14', 1),
(289, '2020-10-15', 1),
(290, '2020-10-16', 1),
(291, '2020-10-17', 1),
(292, '2020-10-18', 1),
(293, '2020-10-19', 1),
(294, '2020-10-20', 1),
(295, '2020-10-21', 1),
(296, '2020-10-22', 1),
(297, '2020-10-23', 1),
(298, '2020-10-24', 1),
(299, '2020-10-25', 1),
(300, '2020-10-26', 1),
(301, '2020-10-27', 1),
(302, '2020-10-28', 1),
(303, '2020-10-29', 1),
(304, '2020-10-30', 1),
(305, '2020-10-31', 1),
(306, '2020-11-01', 1),
(307, '2020-11-02', 1),
(308, '2020-11-03', 1),
(309, '2020-11-04', 1),
(310, '2020-11-05', 1),
(311, '2020-11-06', 1),
(312, '2020-11-07', 1),
(313, '2020-11-08', 1),
(314, '2020-11-09', 1),
(315, '2020-11-10', 1),
(316, '2020-11-11', 1),
(317, '2020-11-12', 1),
(318, '2020-11-13', 1),
(319, '2020-11-14', 1),
(320, '2020-11-15', 1),
(321, '2020-11-16', 1),
(322, '2020-11-17', 1),
(323, '2020-11-18', 1),
(324, '2020-11-19', 1),
(325, '2020-11-20', 1),
(326, '2020-11-21', 1),
(327, '2020-11-22', 1),
(328, '2020-11-23', 1),
(329, '2020-11-24', 1),
(330, '2020-11-25', 1),
(331, '2020-11-26', 1),
(332, '2020-11-27', 1),
(333, '2020-11-28', 1),
(334, '2020-11-29', 1),
(335, '2020-11-30', 1),
(336, '2020-12-01', 1),
(337, '2020-12-02', 1),
(338, '2020-12-03', 1),
(339, '2020-12-04', 1),
(340, '2020-12-05', 1),
(341, '2020-12-06', 1),
(342, '2020-12-07', 2),
(343, '2020-12-08', 2),
(344, '2020-12-09', 2),
(345, '2020-12-10', 2),
(346, '2020-12-11', 2),
(347, '2020-12-12', 2),
(348, '2020-12-13', 2),
(349, '2020-12-14', 2),
(350, '2020-12-15', 2),
(351, '2020-12-16', 2),
(352, '2020-12-17', 2),
(353, '2020-12-18', 2),
(354, '2020-12-19', 2),
(355, '2020-12-20', 2),
(356, '2020-12-21', 2),
(357, '2020-12-22', 2),
(358, '2020-12-23', 2),
(359, '2020-12-24', 2),
(360, '2020-12-25', 2),
(361, '2020-12-26', 2),
(362, '2020-12-27', 2),
(363, '2020-12-28', 2),
(364, '2020-12-29', 2),
(365, '2020-12-30', 2),
(366, '2020-12-31', 2),
(367, '2021-01-01', 2),
(368, '2021-01-02', 2),
(369, '2021-01-03', 2),
(370, '2021-01-04', 2),
(371, '2021-01-05', 2),
(372, '2021-01-06', 2),
(373, '2021-01-07', 2),
(374, '2021-01-08', 2),
(375, '2021-01-09', 2),
(376, '2021-01-10', 2),
(377, '2021-01-11', 2),
(378, '2021-01-12', 2),
(379, '2021-01-13', 2),
(380, '2021-01-14', 2),
(381, '2021-01-15', 2),
(382, '2021-01-16', 2),
(383, '2021-01-17', 2),
(384, '2021-01-18', 2),
(385, '2021-01-19', 2),
(386, '2021-01-20', 2),
(387, '2021-01-21', 2),
(388, '2021-01-22', 2),
(389, '2021-01-23', 2),
(390, '2021-01-24', 2),
(391, '2021-01-25', 2),
(392, '2021-01-26', 2),
(393, '2021-01-27', 2),
(394, '2021-01-28', 2),
(395, '2021-01-29', 2),
(396, '2021-01-30', 2),
(397, '2021-01-31', 2),
(398, '2021-02-01', 2),
(399, '2021-02-02', 2),
(400, '2021-02-03', 2),
(401, '2021-02-04', 2),
(402, '2021-02-05', 2),
(403, '2021-02-06', 2),
(404, '2021-02-07', 2),
(405, '2021-02-08', 2),
(406, '2021-02-09', 2),
(407, '2021-02-10', 2),
(408, '2021-02-11', 2),
(409, '2021-02-12', 2),
(410, '2021-02-13', 2),
(411, '2021-02-14', 2),
(412, '2021-02-15', 2),
(413, '2021-02-16', 2),
(414, '2021-02-17', 2),
(415, '2021-02-18', 2),
(416, '2021-02-19', 2),
(417, '2021-02-20', 2),
(418, '2021-02-21', 2),
(419, '2021-02-22', 2),
(420, '2021-02-23', 2),
(421, '2021-02-24', 2),
(422, '2021-02-25', 2),
(423, '2021-02-26', 2),
(424, '2021-02-27', 2),
(425, '2021-02-28', 2),
(426, '2021-03-01', 2),
(427, '2021-03-02', 2),
(428, '2021-03-03', 2),
(429, '2021-03-04', 2),
(430, '2021-03-05', 2),
(431, '2021-03-06', 2),
(432, '2021-03-07', 2),
(433, '2021-03-08', 2),
(434, '2021-03-09', 2),
(435, '2021-03-10', 2),
(436, '2021-03-11', 2),
(437, '2021-03-12', 2),
(438, '2021-03-13', 2),
(439, '2021-03-14', 2),
(440, '2021-03-15', 2),
(441, '2021-03-16', 2),
(442, '2021-03-17', 2),
(443, '2021-03-18', 2),
(444, '2021-03-19', 2),
(445, '2021-03-20', 2),
(446, '2021-03-21', 2),
(447, '2021-03-22', 2),
(448, '2021-03-23', 2),
(449, '2021-03-24', 2),
(450, '2021-03-25', 2),
(451, '2021-03-26', 2),
(452, '2021-03-27', 2),
(453, '2021-03-28', 2),
(454, '2021-03-29', 2),
(455, '2021-03-30', 2),
(456, '2021-03-31', 2),
(457, '2021-04-01', 2),
(458, '2021-04-02', 2),
(459, '2021-04-03', 2),
(460, '2021-04-04', 2),
(461, '2021-04-05', 2),
(462, '2021-04-06', 2),
(463, '2021-04-07', 2),
(464, '2021-04-08', 2),
(465, '2021-04-09', 2),
(466, '2021-04-10', 2),
(467, '2021-04-11', 2),
(468, '2021-04-12', 2),
(469, '2021-04-13', 2),
(470, '2021-04-14', 2),
(471, '2021-04-15', 2),
(472, '2021-04-16', 2),
(473, '2021-04-17', 2),
(474, '2021-04-18', 2),
(475, '2021-04-19', 2),
(476, '2021-04-20', 2),
(477, '2021-04-21', 2),
(478, '2021-04-22', 2),
(479, '2021-04-23', 2),
(480, '2021-04-24', 2),
(481, '2021-04-25', 2),
(482, '2021-04-26', 2),
(483, '2021-04-27', 2),
(484, '2021-04-28', 2),
(485, '2021-04-29', 2),
(486, '2021-04-30', 2),
(487, '2021-05-01', 2),
(488, '2021-05-02', 2),
(489, '2021-05-03', 3),
(490, '2021-05-04', 3),
(491, '2021-05-05', 3),
(492, '2021-05-06', 3),
(493, '2021-05-07', 3),
(494, '2021-05-08', 3),
(495, '2021-05-09', 3),
(496, '2021-05-10', 3),
(497, '2021-05-11', 3),
(498, '2021-05-12', 3),
(499, '2021-05-13', 3),
(500, '2021-05-14', 3),
(501, '2021-05-15', 3),
(502, '2021-05-16', 3),
(503, '2021-05-17', 3),
(504, '2021-05-18', 3),
(505, '2021-05-19', 3),
(506, '2021-05-20', 3),
(507, '2021-05-21', 3),
(508, '2021-05-22', 3),
(509, '2021-05-23', 3),
(510, '2021-05-24', 3),
(511, '2021-05-25', 3),
(512, '2021-05-26', 3),
(513, '2021-05-27', 3),
(514, '2021-05-28', 3),
(515, '2021-05-29', 3),
(516, '2021-05-30', 3),
(517, '2021-05-31', 3),
(518, '2021-06-01', 3),
(519, '2021-06-02', 3),
(520, '2021-06-03', 3),
(521, '2021-06-04', 3),
(522, '2021-06-05', 3),
(523, '2021-06-06', 3),
(524, '2021-06-07', 3),
(525, '2021-06-08', 3),
(526, '2021-06-09', 3),
(527, '2021-06-10', 3),
(528, '2021-06-11', 3),
(529, '2021-06-12', 3),
(530, '2021-06-13', 3),
(531, '2021-06-14', 3),
(532, '2021-06-15', 3),
(533, '2021-06-16', 3),
(534, '2021-06-17', 3),
(535, '2021-06-18', 3),
(536, '2021-06-19', 3),
(537, '2021-06-20', 3),
(538, '2021-06-21', 3),
(539, '2021-06-22', 3),
(540, '2021-06-23', 3),
(541, '2021-06-24', 3),
(542, '2021-06-25', 3),
(543, '2021-06-26', 3),
(544, '2021-06-27', 3),
(545, '2021-06-28', 4),
(546, '2021-06-29', 4),
(547, '2021-06-30', 4),
(548, '2021-07-01', 4),
(549, '2021-07-02', 4),
(550, '2021-07-03', 4),
(551, '2021-07-04', 4),
(552, '2021-07-05', 4),
(553, '2021-07-06', 4),
(554, '2021-07-07', 4),
(555, '2021-07-08', 4),
(556, '2021-07-09', 4),
(557, '2021-07-10', 4),
(558, '2021-07-11', 4),
(559, '2021-07-12', 4),
(560, '2021-07-13', 4),
(561, '2021-07-14', 4),
(562, '2021-07-15', 4),
(563, '2021-07-16', 4),
(564, '2021-07-17', 4),
(565, '2021-07-18', 4),
(566, '2021-07-19', 4),
(567, '2021-07-20', 4),
(568, '2021-07-21', 4),
(569, '2021-07-22', 4),
(570, '2021-07-23', 4),
(571, '2021-07-24', 4),
(572, '2021-07-25', 4),
(573, '2021-07-26', 4),
(574, '2021-07-27', 4),
(575, '2021-07-28', 4),
(576, '2021-07-29', 4),
(577, '2021-07-30', 4),
(578, '2021-07-31', 4),
(579, '2021-08-01', 4),
(580, '2021-08-02', 4),
(581, '2021-08-03', 4),
(582, '2021-08-04', 4),
(583, '2021-08-05', 4),
(584, '2021-08-06', 4),
(585, '2021-08-07', 4),
(586, '2021-08-08', 4),
(587, '2021-08-09', 4),
(588, '2021-08-10', 4),
(589, '2021-08-11', 4),
(590, '2021-08-12', 4),
(591, '2021-08-13', 4),
(592, '2021-08-14', 4),
(593, '2021-08-15', 4),
(594, '2021-08-16', 4),
(595, '2021-08-17', 4),
(596, '2021-08-18', 4),
(597, '2021-08-19', 4),
(598, '2021-08-20', 4),
(599, '2021-08-21', 4),
(600, '2021-08-22', 4),
(601, '2021-08-23', 4),
(602, '2021-08-24', 4),
(603, '2021-08-25', 4),
(604, '2021-08-26', 4),
(605, '2021-08-27', 4),
(606, '2021-08-28', 4),
(607, '2021-08-29', 4),
(608, '2021-08-30', 4),
(609, '2021-08-31', 4),
(610, '2021-09-01', 4),
(611, '2021-09-02', 4),
(612, '2021-09-03', 4),
(613, '2021-09-04', 4),
(614, '2021-09-05', 4),
(615, '2021-09-06', 4),
(616, '2021-09-07', 4),
(617, '2021-09-08', 4),
(618, '2021-09-09', 4),
(619, '2021-09-10', 4),
(620, '2021-09-11', 4),
(621, '2021-09-12', 4),
(622, '2021-09-13', 4),
(623, '2021-09-14', 4),
(624, '2021-09-15', 4),
(625, '2021-09-16', 4),
(626, '2021-09-17', 4),
(627, '2021-09-18', 4),
(628, '2021-09-19', 4),
(629, '2021-09-20', 4),
(630, '2021-09-21', 4),
(631, '2021-09-22', 4),
(632, '2021-09-23', 4),
(633, '2021-09-24', 4),
(634, '2021-09-25', 4),
(635, '2021-09-26', 4),
(636, '2021-09-27', 4),
(637, '2021-09-28', 4),
(638, '2021-09-29', 4),
(639, '2021-09-30', 4),
(640, '2021-10-01', 4),
(641, '2021-10-02', 4),
(642, '2021-10-03', 4),
(643, '2021-10-04', 4),
(644, '2021-10-05', 4),
(645, '2021-10-06', 4),
(646, '2021-10-07', 4),
(647, '2021-10-08', 4),
(648, '2021-10-09', 4),
(649, '2021-10-10', 4),
(650, '2021-10-11', 4),
(651, '2021-10-12', 4),
(652, '2021-10-13', 4),
(653, '2021-10-14', 4),
(654, '2021-10-15', 4),
(655, '2021-10-16', 4),
(656, '2021-10-17', 4),
(657, '2021-10-18', 4),
(658, '2021-10-19', 4),
(659, '2021-10-20', 4),
(660, '2021-10-21', 4),
(661, '2021-10-22', 4),
(662, '2021-10-23', 4),
(663, '2021-10-24', 4),
(664, '2021-10-25', 4),
(665, '2021-10-26', 4),
(666, '2021-10-27', 4),
(667, '2021-10-28', 4),
(668, '2021-10-29', 4),
(669, '2021-10-30', 4),
(670, '2021-10-31', 4),
(671, '2021-11-01', 4),
(672, '2021-11-02', 4),
(673, '2021-11-03', 4),
(674, '2021-11-04', 4),
(675, '2021-11-05', 4),
(676, '2021-11-06', 4),
(677, '2021-11-07', 4),
(678, '2021-11-08', 4),
(679, '2021-11-09', 4),
(680, '2021-11-10', 4),
(681, '2021-11-11', 4),
(682, '2021-11-12', 4),
(683, '2021-11-13', 4),
(684, '2021-11-14', 4),
(685, '2021-11-15', 4),
(686, '2021-11-16', 4),
(687, '2021-11-17', 4),
(688, '2021-11-18', 4),
(689, '2021-11-19', 4),
(690, '2021-11-20', 4),
(691, '2021-11-21', 4),
(692, '2021-11-22', 4),
(693, '2021-11-23', 4),
(694, '2021-11-24', 4),
(695, '2021-11-25', 4),
(696, '2021-11-26', 4),
(697, '2021-11-27', 4),
(698, '2021-11-28', 4),
(699, '2021-11-29', 5),
(700, '2021-11-30', 5),
(701, '2021-12-01', 5),
(702, '2021-12-02', 5),
(703, '2021-12-03', 5),
(704, '2021-12-04', 5),
(705, '2021-12-05', 5),
(706, '2021-12-06', 5),
(707, '2021-12-07', 5),
(708, '2021-12-08', 5),
(709, '2021-12-09', 5),
(710, '2021-12-10', 5),
(711, '2021-12-11', 5),
(712, '2021-12-12', 5),
(713, '2021-12-13', 5),
(714, '2021-12-14', 5),
(715, '2021-12-15', 5),
(716, '2021-12-16', 5),
(717, '2021-12-17', 5),
(718, '2021-12-18', 5),
(719, '2021-12-19', 5),
(720, '2021-12-20', 5),
(721, '2021-12-21', 5),
(722, '2021-12-22', 5),
(723, '2021-12-23', 5),
(724, '2021-12-24', 5),
(725, '2021-12-25', 5),
(726, '2021-12-26', 5),
(727, '2021-12-27', 5),
(728, '2021-12-28', 5),
(729, '2021-12-29', 5),
(730, '2021-12-30', 5),
(731, '2021-12-31', 5),
(732, '2022-01-01', 5),
(733, '2022-01-02', 5),
(734, '2022-01-03', 5),
(735, '2022-01-04', 5),
(736, '2022-01-05', 5),
(737, '2022-01-06', 5),
(738, '2022-01-07', 5),
(739, '2022-01-08', 5),
(740, '2022-01-09', 5),
(741, '2022-01-10', 5),
(742, '2022-01-11', 5),
(743, '2022-01-12', 5),
(744, '2022-01-13', 5),
(745, '2022-01-14', 5),
(746, '2022-01-15', 5),
(747, '2022-01-16', 5),
(748, '2022-01-17', 5),
(749, '2022-01-18', 5),
(750, '2022-01-19', 5),
(751, '2022-01-20', 5),
(752, '2022-01-21', 5),
(753, '2022-01-22', 5),
(754, '2022-01-23', 5),
(755, '2022-01-24', 5),
(756, '2022-01-25', 5),
(757, '2022-01-26', 5),
(758, '2022-01-27', 5),
(759, '2022-01-28', 5),
(760, '2022-01-29', 5),
(761, '2022-01-30', 5),
(762, '2022-01-31', 5),
(763, '2022-02-01', 5),
(764, '2022-02-02', 5),
(765, '2022-02-03', 5),
(766, '2022-02-04', 5),
(767, '2022-02-05', 5),
(768, '2022-02-06', 5),
(769, '2022-02-07', 5),
(770, '2022-02-08', 5),
(771, '2022-02-09', 5),
(772, '2022-02-10', 5),
(773, '2022-02-11', 5),
(774, '2022-02-12', 5),
(775, '2022-02-13', 5),
(776, '2022-02-14', 5),
(777, '2022-02-15', 5),
(778, '2022-02-16', 5),
(779, '2022-02-17', 5),
(780, '2022-02-18', 5),
(781, '2022-02-19', 5),
(782, '2022-02-20', 5),
(783, '2022-02-21', 5),
(784, '2022-02-22', 5),
(785, '2022-02-23', 5),
(786, '2022-02-24', 5),
(787, '2022-02-25', 5),
(788, '2022-02-26', 5),
(789, '2022-02-27', 5),
(790, '2022-02-28', 5),
(791, '2022-03-01', 5),
(792, '2022-03-02', 5),
(793, '2022-03-03', 5),
(794, '2022-03-04', 5),
(795, '2022-03-05', 5),
(796, '2022-03-06', 5),
(797, '2022-03-07', 5),
(798, '2022-03-08', 5),
(799, '2022-03-09', 5),
(800, '2022-03-10', 5),
(801, '2022-03-11', 5),
(802, '2022-03-12', 5),
(803, '2022-03-13', 5),
(804, '2022-03-14', 5),
(805, '2022-03-15', 5),
(806, '2022-03-16', 5),
(807, '2022-03-17', 5),
(808, '2022-03-18', 5),
(809, '2022-03-19', 5),
(810, '2022-03-20', 5),
(811, '2022-03-21', 5),
(812, '2022-03-22', 5),
(813, '2022-03-23', 5),
(814, '2022-03-24', 5),
(815, '2022-03-25', 5),
(816, '2022-03-26', 5),
(817, '2022-03-27', 5),
(818, '2022-03-28', 5),
(819, '2022-03-29', 5),
(820, '2022-03-30', 5),
(821, '2022-03-31', 5),
(822, '2022-04-01', 5),
(823, '2022-04-02', 5),
(824, '2022-04-03', 5),
(825, '2022-04-04', 5),
(826, '2022-04-05', 5),
(827, '2022-04-06', 5),
(828, '2022-04-07', 5),
(829, '2022-04-08', 5),
(830, '2022-04-09', 5),
(831, '2022-04-10', 5),
(832, '2022-04-11', 5),
(833, '2022-04-12', 5),
(834, '2022-04-13', 5),
(835, '2022-04-14', 5),
(836, '2022-04-15', 5),
(837, '2022-04-16', 5),
(838, '2022-04-17', 5),
(839, '2022-04-18', 5),
(840, '2022-04-19', 5),
(841, '2022-04-20', 5),
(842, '2022-04-21', 5),
(843, '2022-04-22', 5),
(844, '2022-04-23', 5),
(845, '2022-04-24', 5),
(846, '2022-04-25', 6),
(847, '2022-04-26', 6),
(848, '2022-04-27', 6),
(849, '2022-04-28', 6),
(850, '2022-04-29', 6),
(851, '2022-04-30', 6),
(852, '2022-05-01', 6),
(853, '2022-05-02', 6),
(854, '2022-05-03', 6),
(855, '2022-05-04', 6),
(856, '2022-05-05', 6),
(857, '2022-05-06', 6),
(858, '2022-05-07', 6),
(859, '2022-05-08', 6),
(860, '2022-05-09', 6),
(861, '2022-05-10', 6),
(862, '2022-05-11', 6),
(863, '2022-05-12', 6),
(864, '2022-05-13', 6),
(865, '2022-05-14', 6),
(866, '2022-05-15', 6),
(867, '2022-05-16', 6),
(868, '2022-05-17', 6),
(869, '2022-05-18', 6),
(870, '2022-05-19', 6),
(871, '2022-05-20', 6),
(872, '2022-05-21', 6),
(873, '2022-05-22', 6),
(874, '2022-05-23', 6),
(875, '2022-05-24', 6),
(876, '2022-05-25', 6),
(877, '2022-05-26', 6),
(878, '2022-05-27', 6),
(879, '2022-05-28', 6),
(880, '2022-05-29', 6),
(881, '2022-05-30', 6),
(882, '2022-05-31', 6),
(883, '2022-06-01', 6),
(884, '2022-06-02', 6),
(885, '2022-06-03', 6),
(886, '2022-06-04', 6),
(887, '2022-06-05', 6),
(888, '2022-06-06', 6),
(889, '2022-06-07', 6),
(890, '2022-06-08', 6),
(891, '2022-06-09', 6),
(892, '2022-06-10', 6),
(893, '2022-06-11', 6),
(894, '2022-06-12', 6),
(895, '2022-06-13', 6),
(896, '2022-06-14', 6),
(897, '2022-06-15', 6),
(898, '2022-06-16', 6),
(899, '2022-06-17', 6),
(900, '2022-06-18', 6),
(901, '2022-06-19', 6),
(902, '2022-06-20', 6),
(903, '2022-06-21', 6),
(904, '2022-06-22', 6),
(905, '2022-06-23', 6),
(906, '2022-06-24', 6),
(907, '2022-06-25', 6),
(908, '2022-06-26', 6),
(909, '2022-06-27', 7),
(910, '2022-06-28', 7),
(911, '2022-06-29', 7),
(912, '2022-06-30', 7),
(913, '2022-07-01', 7),
(914, '2022-07-02', 7),
(915, '2022-07-03', 7),
(916, '2022-07-04', 7),
(917, '2022-07-05', 7),
(918, '2022-07-06', 7),
(919, '2022-07-07', 7),
(920, '2022-07-08', 7),
(921, '2022-07-09', 7),
(922, '2022-07-10', 7),
(923, '2022-07-11', 7),
(924, '2022-07-12', 7),
(925, '2022-07-13', 7),
(926, '2022-07-14', 7),
(927, '2022-07-15', 7),
(928, '2022-07-16', 7),
(929, '2022-07-17', 7),
(930, '2022-07-18', 7),
(931, '2022-07-19', 7),
(932, '2022-07-20', 7),
(933, '2022-07-21', 7),
(934, '2022-07-22', 7),
(935, '2022-07-23', 7),
(936, '2022-07-24', 7),
(937, '2022-07-25', 7),
(938, '2022-07-26', 7),
(939, '2022-07-27', 7),
(940, '2022-07-28', 7),
(941, '2022-07-29', 7),
(942, '2022-07-30', 7),
(943, '2022-07-31', 7),
(944, '2022-08-01', 7),
(945, '2022-08-02', 7),
(946, '2022-08-03', 7),
(947, '2022-08-04', 7),
(948, '2022-08-05', 7),
(949, '2022-08-06', 7),
(950, '2022-08-07', 7),
(951, '2022-08-08', 7),
(952, '2022-08-09', 7),
(953, '2022-08-10', 7),
(954, '2022-08-11', 7),
(955, '2022-08-12', 7),
(956, '2022-08-13', 7),
(957, '2022-08-14', 7),
(958, '2022-08-15', 7),
(959, '2022-08-16', 7),
(960, '2022-08-17', 7),
(961, '2022-08-18', 7),
(962, '2022-08-19', 7),
(963, '2022-08-20', 7),
(964, '2022-08-21', 7),
(965, '2022-08-22', 7),
(966, '2022-08-23', 7),
(967, '2022-08-24', 7),
(968, '2022-08-25', 7),
(969, '2022-08-26', 7),
(970, '2022-08-27', 7),
(971, '2022-08-28', 7),
(972, '2022-08-29', 7),
(973, '2022-08-30', 7),
(974, '2022-08-31', 7),
(975, '2022-09-01', 7),
(976, '2022-09-02', 7),
(977, '2022-09-03', 7),
(978, '2022-09-04', 7),
(979, '2022-09-05', 7),
(980, '2022-09-06', 7),
(981, '2022-09-07', 7),
(982, '2022-09-08', 7),
(983, '2022-09-09', 7),
(984, '2022-09-10', 7),
(985, '2022-09-11', 7),
(986, '2022-09-12', 7),
(987, '2022-09-13', 7),
(988, '2022-09-14', 7),
(989, '2022-09-15', 7),
(990, '2022-09-16', 7),
(991, '2022-09-17', 7),
(992, '2022-09-18', 7),
(993, '2022-09-19', 7),
(994, '2022-09-20', 7),
(995, '2022-09-21', 7),
(996, '2022-09-22', 7),
(997, '2022-09-23', 7),
(998, '2022-09-24', 7),
(999, '2022-09-25', 7),
(1000, '2022-09-26', 7),
(1001, '2022-09-27', 7),
(1002, '2022-09-28', 7),
(1003, '2022-09-29', 7),
(1004, '2022-09-30', 7),
(1005, '2022-10-01', 7),
(1006, '2022-10-02', 7),
(1007, '2022-10-03', 7),
(1008, '2022-10-04', 7),
(1009, '2022-10-05', 7),
(1010, '2022-10-06', 7),
(1011, '2022-10-07', 7),
(1012, '2022-10-08', 7),
(1013, '2022-10-09', 7),
(1014, '2022-10-10', 7),
(1015, '2022-10-11', 7),
(1016, '2022-10-12', 7),
(1017, '2022-10-13', 7),
(1018, '2022-10-14', 7),
(1019, '2022-10-15', 7),
(1020, '2022-10-16', 7),
(1021, '2022-10-17', 7),
(1022, '2022-10-18', 7),
(1023, '2022-10-19', 7),
(1024, '2022-10-20', 7),
(1025, '2022-10-21', 7),
(1026, '2022-10-22', 7),
(1027, '2022-10-23', 7),
(1028, '2022-10-24', 7),
(1029, '2022-10-25', 7),
(1030, '2022-10-26', 7),
(1031, '2022-10-27', 7),
(1032, '2022-10-28', 7),
(1033, '2022-10-29', 7),
(1034, '2022-10-30', 7),
(1035, '2022-10-31', 7),
(1036, '2022-11-01', 7),
(1037, '2022-11-02', 7),
(1038, '2022-11-03', 7),
(1039, '2022-11-04', 7),
(1040, '2022-11-05', 7),
(1041, '2022-11-06', 7),
(1042, '2022-11-07', 7),
(1043, '2022-11-08', 7),
(1044, '2022-11-09', 7),
(1045, '2022-11-10', 7),
(1046, '2022-11-11', 7),
(1047, '2022-11-12', 7),
(1048, '2022-11-13', 7),
(1049, '2022-11-14', 7),
(1050, '2022-11-15', 7),
(1051, '2022-11-16', 7),
(1052, '2022-11-17', 7),
(1053, '2022-11-18', 7),
(1054, '2022-11-19', 7),
(1055, '2022-11-20', 7),
(1056, '2022-11-21', 7),
(1057, '2022-11-22', 7),
(1058, '2022-11-23', 7),
(1059, '2022-11-24', 7),
(1060, '2022-11-25', 7),
(1061, '2022-11-26', 7),
(1062, '2022-11-27', 7),
(1063, '2022-11-28', 8),
(1064, '2022-11-29', 8),
(1065, '2022-11-30', 8),
(1066, '2022-12-01', 8),
(1067, '2022-12-02', 8),
(1068, '2022-12-03', 8),
(1069, '2022-12-04', 8),
(1070, '2022-12-05', 8),
(1071, '2022-12-06', 8),
(1072, '2022-12-07', 8),
(1073, '2022-12-08', 8),
(1074, '2022-12-09', 8),
(1075, '2022-12-10', 8),
(1076, '2022-12-11', 8),
(1077, '2022-12-12', 8),
(1078, '2022-12-13', 8),
(1079, '2022-12-14', 8),
(1080, '2022-12-15', 8),
(1081, '2022-12-16', 8),
(1082, '2022-12-17', 8),
(1083, '2022-12-18', 8),
(1084, '2022-12-19', 8),
(1085, '2022-12-20', 8),
(1086, '2022-12-21', 8),
(1087, '2022-12-22', 8),
(1088, '2022-12-23', 8),
(1089, '2022-12-24', 8),
(1090, '2022-12-25', 8),
(1091, '2022-12-26', 8),
(1092, '2022-12-27', 8),
(1093, '2022-12-28', 8),
(1094, '2022-12-29', 8),
(1095, '2022-12-30', 8),
(1096, '2022-12-31', 8),
(1097, '2023-01-01', 8),
(1098, '2023-01-02', 8),
(1099, '2023-01-03', 8),
(1100, '2023-01-04', 8),
(1101, '2023-01-05', 8),
(1102, '2023-01-06', 8),
(1103, '2023-01-07', 8),
(1104, '2023-01-08', 8),
(1105, '2023-01-09', 8),
(1106, '2023-01-10', 8),
(1107, '2023-01-11', 8),
(1108, '2023-01-12', 8),
(1109, '2023-01-13', 8),
(1110, '2023-01-14', 8),
(1111, '2023-01-15', 8),
(1112, '2023-01-16', 8),
(1113, '2023-01-17', 8),
(1114, '2023-01-18', 8),
(1115, '2023-01-19', 8),
(1116, '2023-01-20', 8),
(1117, '2023-01-21', 8),
(1118, '2023-01-22', 8),
(1119, '2023-01-23', 8),
(1120, '2023-01-24', 8),
(1121, '2023-01-25', 8),
(1122, '2023-01-26', 8),
(1123, '2023-01-27', 8),
(1124, '2023-01-28', 8),
(1125, '2023-01-29', 8),
(1126, '2023-01-30', 8),
(1127, '2023-01-31', 8),
(1128, '2023-02-01', 8),
(1129, '2023-02-02', 8),
(1130, '2023-02-03', 8),
(1131, '2023-02-04', 8),
(1132, '2023-02-05', 8),
(1133, '2023-02-06', 8),
(1134, '2023-02-07', 8),
(1135, '2023-02-08', 8),
(1136, '2023-02-09', 8),
(1137, '2023-02-10', 8),
(1138, '2023-02-11', 8),
(1139, '2023-02-12', 8),
(1140, '2023-02-13', 8),
(1141, '2023-02-14', 8),
(1142, '2023-02-15', 8),
(1143, '2023-02-16', 8),
(1144, '2023-02-17', 8),
(1145, '2023-02-18', 8),
(1146, '2023-02-19', 8),
(1147, '2023-02-20', 8),
(1148, '2023-02-21', 8),
(1149, '2023-02-22', 8),
(1150, '2023-02-23', 8),
(1151, '2023-02-24', 8),
(1152, '2023-02-25', 8),
(1153, '2023-02-26', 8),
(1154, '2023-02-27', 8),
(1155, '2023-02-28', 8),
(1156, '2023-03-01', 8),
(1157, '2023-03-02', 8),
(1158, '2023-03-03', 8),
(1159, '2023-03-04', 8),
(1160, '2023-03-05', 8),
(1161, '2023-03-06', 8),
(1162, '2023-03-07', 8),
(1163, '2023-03-08', 8),
(1164, '2023-03-09', 8),
(1165, '2023-03-10', 8),
(1166, '2023-03-11', 8),
(1167, '2023-03-12', 8),
(1168, '2023-03-13', 8),
(1169, '2023-03-14', 8),
(1170, '2023-03-15', 8),
(1171, '2023-03-16', 8),
(1172, '2023-03-17', 8),
(1173, '2023-03-18', 8),
(1174, '2023-03-19', 8),
(1175, '2023-03-20', 8),
(1176, '2023-03-21', 8),
(1177, '2023-03-22', 8),
(1178, '2023-03-23', 8),
(1179, '2023-03-24', 8),
(1180, '2023-03-25', 8),
(1181, '2023-03-26', 8),
(1182, '2023-03-27', 8),
(1183, '2023-03-28', 8),
(1184, '2023-03-29', 8),
(1185, '2023-03-30', 8),
(1186, '2023-03-31', 8),
(1187, '2023-04-01', 8),
(1188, '2023-04-02', 8),
(1189, '2023-04-03', 8),
(1190, '2023-04-04', 8),
(1191, '2023-04-05', 8),
(1192, '2023-04-06', 8),
(1193, '2023-04-07', 8),
(1194, '2023-04-08', 8),
(1195, '2023-04-09', 8),
(1196, '2023-04-10', 8),
(1197, '2023-04-11', 8),
(1198, '2023-04-12', 8),
(1199, '2023-04-13', 8),
(1200, '2023-04-14', 8),
(1201, '2023-04-15', 8),
(1202, '2023-04-16', 8),
(1203, '2023-04-17', 8),
(1204, '2023-04-18', 8),
(1205, '2023-04-19', 8),
(1206, '2023-04-20', 8),
(1207, '2023-04-21', 8),
(1208, '2023-04-22', 8),
(1209, '2023-04-23', 8),
(1210, '2023-04-24', 9),
(1211, '2023-04-25', 9),
(1212, '2023-04-26', 9),
(1213, '2023-04-27', 9),
(1214, '2023-04-28', 9),
(1215, '2023-04-29', 9),
(1216, '2023-04-30', 9),
(1217, '2023-05-01', 9),
(1218, '2023-05-02', 9),
(1219, '2023-05-03', 9),
(1220, '2023-05-04', 9),
(1221, '2023-05-05', 9),
(1222, '2023-05-06', 9),
(1223, '2023-05-07', 9),
(1224, '2023-05-08', 9),
(1225, '2023-05-09', 9),
(1226, '2023-05-10', 9),
(1227, '2023-05-11', 9),
(1228, '2023-05-12', 9),
(1229, '2023-05-13', 9),
(1230, '2023-05-14', 9),
(1231, '2023-05-15', 9),
(1232, '2023-05-16', 9),
(1233, '2023-05-17', 9),
(1234, '2023-05-18', 9),
(1235, '2023-05-19', 9),
(1236, '2023-05-20', 9),
(1237, '2023-05-21', 9),
(1238, '2023-05-22', 9),
(1239, '2023-05-23', 9),
(1240, '2023-05-24', 9),
(1241, '2023-05-25', 9),
(1242, '2023-05-26', 9),
(1243, '2023-05-27', 9),
(1244, '2023-05-28', 9),
(1245, '2023-05-29', 9),
(1246, '2023-05-30', 9),
(1247, '2023-05-31', 9),
(1248, '2023-06-01', 9),
(1249, '2023-06-02', 9),
(1250, '2023-06-03', 9),
(1251, '2023-06-04', 9),
(1252, '2023-06-05', 9),
(1253, '2023-06-06', 9),
(1254, '2023-06-07', 9),
(1255, '2023-06-08', 9),
(1256, '2023-06-09', 9),
(1257, '2023-06-10', 9),
(1258, '2023-06-11', 9),
(1259, '2023-06-12', 9),
(1260, '2023-06-13', 9),
(1261, '2023-06-14', 9),
(1262, '2023-06-15', 9),
(1263, '2023-06-16', 9),
(1264, '2023-06-17', 9),
(1265, '2023-06-18', 9),
(1266, '2023-06-19', 9),
(1267, '2023-06-20', 9),
(1268, '2023-06-21', 9),
(1269, '2023-06-22', 9),
(1270, '2023-06-23', 9),
(1271, '2023-06-24', 9),
(1272, '2023-06-25', 9),
(1273, '2023-06-26', 10),
(1274, '2023-06-27', 10),
(1275, '2023-06-28', 10),
(1276, '2023-06-29', 10),
(1277, '2023-06-30', 10),
(1278, '2023-07-01', 10),
(1279, '2023-07-02', 10),
(1280, '2023-07-03', 10),
(1281, '2023-07-04', 10),
(1282, '2023-07-05', 10),
(1283, '2023-07-06', 10),
(1284, '2023-07-07', 10),
(1285, '2023-07-08', 10),
(1286, '2023-07-09', 10),
(1287, '2023-07-10', 10),
(1288, '2023-07-11', 10),
(1289, '2023-07-12', 10),
(1290, '2023-07-13', 10),
(1291, '2023-07-14', 10),
(1292, '2023-07-15', 10),
(1293, '2023-07-16', 10),
(1294, '2023-07-17', 10),
(1295, '2023-07-18', 10),
(1296, '2023-07-19', 10),
(1297, '2023-07-20', 10),
(1298, '2023-07-21', 10),
(1299, '2023-07-22', 10),
(1300, '2023-07-23', 10),
(1301, '2023-07-24', 10),
(1302, '2023-07-25', 10),
(1303, '2023-07-26', 10),
(1304, '2023-07-27', 10),
(1305, '2023-07-28', 10),
(1306, '2023-07-29', 10),
(1307, '2023-07-30', 10),
(1308, '2023-07-31', 10),
(1309, '2023-08-01', 10),
(1310, '2023-08-02', 10),
(1311, '2023-08-03', 10),
(1312, '2023-08-04', 10),
(1313, '2023-08-05', 10),
(1314, '2023-08-06', 10),
(1315, '2023-08-07', 10),
(1316, '2023-08-08', 10),
(1317, '2023-08-09', 10),
(1318, '2023-08-10', 10),
(1319, '2023-08-11', 10),
(1320, '2023-08-12', 10),
(1321, '2023-08-13', 10),
(1322, '2023-08-14', 10),
(1323, '2023-08-15', 10),
(1324, '2023-08-16', 10),
(1325, '2023-08-17', 10),
(1326, '2023-08-18', 10),
(1327, '2023-08-19', 10),
(1328, '2023-08-20', 10),
(1329, '2023-08-21', 10),
(1330, '2023-08-22', 10),
(1331, '2023-08-23', 10),
(1332, '2023-08-24', 10),
(1333, '2023-08-25', 10),
(1334, '2023-08-26', 10),
(1335, '2023-08-27', 10),
(1336, '2023-08-28', 10),
(1337, '2023-08-29', 10),
(1338, '2023-08-30', 10),
(1339, '2023-08-31', 10),
(1340, '2023-09-01', 10),
(1341, '2023-09-02', 10),
(1342, '2023-09-03', 10),
(1343, '2023-09-04', 10),
(1344, '2023-09-05', 10),
(1345, '2023-09-06', 10),
(1346, '2023-09-07', 10),
(1347, '2023-09-08', 10),
(1348, '2023-09-09', 10),
(1349, '2023-09-10', 10),
(1350, '2023-09-11', 10),
(1351, '2023-09-12', 10),
(1352, '2023-09-13', 10),
(1353, '2023-09-14', 10),
(1354, '2023-09-15', 10),
(1355, '2023-09-16', 10),
(1356, '2023-09-17', 10),
(1357, '2023-09-18', 10),
(1358, '2023-09-19', 10),
(1359, '2023-09-20', 10),
(1360, '2023-09-21', 10),
(1361, '2023-09-22', 10),
(1362, '2023-09-23', 10),
(1363, '2023-09-24', 10),
(1364, '2023-09-25', 10),
(1365, '2023-09-26', 10),
(1366, '2023-09-27', 10),
(1367, '2023-09-28', 10),
(1368, '2023-09-29', 10),
(1369, '2023-09-30', 10),
(1370, '2023-10-01', 10),
(1371, '2023-10-02', 10),
(1372, '2023-10-03', 10),
(1373, '2023-10-04', 10),
(1374, '2023-10-05', 10),
(1375, '2023-10-06', 10),
(1376, '2023-10-07', 10),
(1377, '2023-10-08', 10),
(1378, '2023-10-09', 10),
(1379, '2023-10-10', 10),
(1380, '2023-10-11', 10),
(1381, '2023-10-12', 10),
(1382, '2023-10-13', 10),
(1383, '2023-10-14', 10),
(1384, '2023-10-15', 10),
(1385, '2023-10-16', 10),
(1386, '2023-10-17', 10),
(1387, '2023-10-18', 10),
(1388, '2023-10-19', 10),
(1389, '2023-10-20', 10),
(1390, '2023-10-21', 10),
(1391, '2023-10-22', 10),
(1392, '2023-10-23', 10),
(1393, '2023-10-24', 10),
(1394, '2023-10-25', 10),
(1395, '2023-10-26', 10),
(1396, '2023-10-27', 10),
(1397, '2023-10-28', 10),
(1398, '2023-10-29', 10),
(1399, '2023-10-30', 10),
(1400, '2023-10-31', 10),
(1401, '2023-11-01', 10),
(1402, '2023-11-02', 10),
(1403, '2023-11-03', 10),
(1404, '2023-11-04', 10),
(1405, '2023-11-05', 10),
(1406, '2023-11-06', 10),
(1407, '2023-11-07', 10),
(1408, '2023-11-08', 10),
(1409, '2023-11-09', 10),
(1410, '2023-11-10', 10),
(1411, '2023-11-11', 10),
(1412, '2023-11-12', 10),
(1413, '2023-11-13', 10),
(1414, '2023-11-14', 10),
(1415, '2023-11-15', 10),
(1416, '2023-11-16', 10),
(1417, '2023-11-17', 10),
(1418, '2023-11-18', 10),
(1419, '2023-11-19', 10),
(1420, '2023-11-20', 11),
(1421, '2023-11-21', 11),
(1422, '2023-11-22', 11),
(1423, '2023-11-23', 11),
(1424, '2023-11-24', 11),
(1425, '2023-11-25', 11),
(1426, '2023-11-26', 11),
(1427, '2023-11-27', 11),
(1428, '2023-11-28', 11),
(1429, '2023-11-29', 11),
(1430, '2023-11-30', 11),
(1431, '2023-12-01', 11),
(1432, '2023-12-02', 11),
(1433, '2023-12-03', 11),
(1434, '2023-12-04', 11),
(1435, '2023-12-05', 11),
(1436, '2023-12-06', 11),
(1437, '2023-12-07', 11),
(1438, '2023-12-08', 11),
(1439, '2023-12-09', 11),
(1440, '2023-12-10', 11),
(1441, '2023-12-11', 11),
(1442, '2023-12-12', 11),
(1443, '2023-12-13', 11),
(1444, '2023-12-14', 11),
(1445, '2023-12-15', 11),
(1446, '2023-12-16', 11),
(1447, '2023-12-17', 11),
(1448, '2023-12-18', 11),
(1449, '2023-12-19', 11),
(1450, '2023-12-20', 11),
(1451, '2023-12-21', 11),
(1452, '2023-12-22', 11),
(1453, '2023-12-23', 11),
(1454, '2023-12-24', 11),
(1455, '2023-12-25', 11),
(1456, '2023-12-26', 11),
(1457, '2023-12-27', 11),
(1458, '2023-12-28', 11),
(1459, '2023-12-29', 11),
(1460, '2023-12-30', 11),
(1461, '2023-12-31', 11),
(1462, '2024-01-01', 11),
(1463, '2024-01-02', 11),
(1464, '2024-01-03', 11),
(1465, '2024-01-04', 11),
(1466, '2024-01-05', 11),
(1467, '2024-01-06', 11),
(1468, '2024-01-07', 11),
(1469, '2024-01-08', 11),
(1470, '2024-01-09', 11),
(1471, '2024-01-10', 11),
(1472, '2024-01-11', 11),
(1473, '2024-01-12', 11),
(1474, '2024-01-13', 11),
(1475, '2024-01-14', 11),
(1476, '2024-01-15', 11),
(1477, '2024-01-16', 11),
(1478, '2024-01-17', 11),
(1479, '2024-01-18', 11),
(1480, '2024-01-19', 11),
(1481, '2024-01-20', 11),
(1482, '2024-01-21', 11),
(1483, '2024-01-22', 11),
(1484, '2024-01-23', 11),
(1485, '2024-01-24', 11),
(1486, '2024-01-25', 11),
(1487, '2024-01-26', 11),
(1488, '2024-01-27', 11),
(1489, '2024-01-28', 11),
(1490, '2024-01-29', 11),
(1491, '2024-01-30', 11),
(1492, '2024-01-31', 11),
(1493, '2024-02-01', 11),
(1494, '2024-02-02', 11),
(1495, '2024-02-03', 11),
(1496, '2024-02-04', 11),
(1497, '2024-02-05', 11),
(1498, '2024-02-06', 11),
(1499, '2024-02-07', 11),
(1500, '2024-02-08', 11),
(1501, '2024-02-09', 11),
(1502, '2024-02-10', 11),
(1503, '2024-02-11', 11),
(1504, '2024-02-12', 11),
(1505, '2024-02-13', 11),
(1506, '2024-02-14', 11),
(1507, '2024-02-15', 11),
(1508, '2024-02-16', 11),
(1509, '2024-02-17', 11),
(1510, '2024-02-18', 11),
(1511, '2024-02-19', 11),
(1512, '2024-02-20', 11),
(1513, '2024-02-21', 11),
(1514, '2024-02-22', 11),
(1515, '2024-02-23', 11),
(1516, '2024-02-24', 11),
(1517, '2024-02-25', 11),
(1518, '2024-02-26', 11),
(1519, '2024-02-27', 11),
(1520, '2024-02-28', 11),
(1521, '2024-02-29', 11),
(1522, '2024-03-01', 11),
(1523, '2024-03-02', 11),
(1524, '2024-03-03', 11),
(1525, '2024-03-04', 11),
(1526, '2024-03-05', 11),
(1527, '2024-03-06', 11),
(1528, '2024-03-07', 11),
(1529, '2024-03-08', 11),
(1530, '2024-03-09', 11),
(1531, '2024-03-10', 11),
(1532, '2024-03-11', 11),
(1533, '2024-03-12', 11),
(1534, '2024-03-13', 11),
(1535, '2024-03-14', 11),
(1536, '2024-03-15', 11),
(1537, '2024-03-16', 11),
(1538, '2024-03-17', 11),
(1539, '2024-03-18', 11),
(1540, '2024-03-19', 11),
(1541, '2024-03-20', 11),
(1542, '2024-03-21', 11),
(1543, '2024-03-22', 11),
(1544, '2024-03-23', 11),
(1545, '2024-03-24', 11),
(1546, '2024-03-25', 11),
(1547, '2024-03-26', 11),
(1548, '2024-03-27', 11),
(1549, '2024-03-28', 11),
(1550, '2024-03-29', 11),
(1551, '2024-03-30', 11),
(1552, '2024-03-31', 11),
(1553, '2024-04-01', 11),
(1554, '2024-04-02', 11),
(1555, '2024-04-03', 11),
(1556, '2024-04-04', 11),
(1557, '2024-04-05', 11),
(1558, '2024-04-06', 11),
(1559, '2024-04-07', 11),
(1560, '2024-04-08', 11),
(1561, '2024-04-09', 11),
(1562, '2024-04-10', 11),
(1563, '2024-04-11', 11),
(1564, '2024-04-12', 11),
(1565, '2024-04-13', 11),
(1566, '2024-04-14', 11),
(1567, '2024-04-15', 11),
(1568, '2024-04-16', 11),
(1569, '2024-04-17', 11),
(1570, '2024-04-18', 11),
(1571, '2024-04-19', 11),
(1572, '2024-04-20', 11),
(1573, '2024-04-21', 11),
(1574, '2024-04-22', 12),
(1575, '2024-04-23', 12),
(1576, '2024-04-24', 12),
(1577, '2024-04-25', 12),
(1578, '2024-04-26', 12),
(1579, '2024-04-27', 12),
(1580, '2024-04-28', 12),
(1581, '2024-04-29', 12),
(1582, '2024-04-30', 12),
(1583, '2024-05-01', 12),
(1584, '2024-05-02', 12),
(1585, '2024-05-03', 12),
(1586, '2024-05-04', 12),
(1587, '2024-05-05', 12),
(1588, '2024-05-06', 12),
(1589, '2024-05-07', 12),
(1590, '2024-05-08', 12),
(1591, '2024-05-09', 12),
(1592, '2024-05-10', 12),
(1593, '2024-05-11', 12),
(1594, '2024-05-12', 12),
(1595, '2024-05-13', 12),
(1596, '2024-05-14', 12),
(1597, '2024-05-15', 12),
(1598, '2024-05-16', 12),
(1599, '2024-05-17', 12),
(1600, '2024-05-18', 12),
(1601, '2024-05-19', 12),
(1602, '2024-05-20', 12),
(1603, '2024-05-21', 12),
(1604, '2024-05-22', 12),
(1605, '2024-05-23', 12),
(1606, '2024-05-24', 12),
(1607, '2024-05-25', 12),
(1608, '2024-05-26', 12),
(1609, '2024-05-27', 12),
(1610, '2024-05-28', 12),
(1611, '2024-05-29', 12),
(1612, '2024-05-30', 12),
(1613, '2024-05-31', 12),
(1614, '2024-06-01', 12),
(1615, '2024-06-02', 12),
(1616, '2024-06-03', 12),
(1617, '2024-06-04', 12),
(1618, '2024-06-05', 12),
(1619, '2024-06-06', 12),
(1620, '2024-06-07', 12),
(1621, '2024-06-08', 12),
(1622, '2024-06-09', 12),
(1623, '2024-06-10', 12),
(1624, '2024-06-11', 12),
(1625, '2024-06-12', 12),
(1626, '2024-06-13', 12),
(1627, '2024-06-14', 12),
(1628, '2024-06-15', 12),
(1629, '2024-06-16', 12),
(1630, '2024-06-17', 12),
(1631, '2024-06-18', 12),
(1632, '2024-06-19', 12),
(1633, '2024-06-20', 12),
(1634, '2024-06-21', 12),
(1635, '2024-06-22', 12),
(1636, '2024-06-23', 12),
(1637, '2024-06-24', 12),
(1638, '2024-06-25', 12),
(1639, '2024-06-26', 12),
(1640, '2024-06-27', 12),
(1641, '2024-06-28', 12),
(1642, '2024-06-29', 12),
(1643, '2024-06-30', 12),
(1644, '2024-07-01', 12),
(1645, '2024-07-02', 12),
(1646, '2024-07-03', 12),
(1647, '2024-07-04', 12),
(1648, '2024-07-05', 12),
(1649, '2024-07-06', 12),
(1650, '2024-07-07', 12),
(1651, '2024-07-08', 12),
(1652, '2024-07-09', 12),
(1653, '2024-07-10', 12),
(1654, '2024-07-11', 12),
(1655, '2024-07-12', 12),
(1656, '2024-07-13', 12),
(1657, '2024-07-14', 12),
(1658, '2024-07-15', 12),
(1659, '2024-07-16', 12),
(1660, '2024-07-17', 12),
(1661, '2024-07-18', 12),
(1662, '2024-07-19', 12),
(1663, '2024-07-20', 12),
(1664, '2024-07-21', 12),
(1665, '2024-07-22', 12),
(1666, '2024-07-23', 12),
(1667, '2024-07-24', 12),
(1668, '2024-07-25', 12),
(1669, '2024-07-26', 12),
(1670, '2024-07-27', 12),
(1671, '2024-07-28', 12),
(1672, '2024-07-29', 12),
(1673, '2024-07-30', 12),
(1674, '2024-07-31', 12),
(1675, '2024-08-01', 12),
(1676, '2024-08-02', 12),
(1677, '2024-08-03', 12),
(1678, '2024-08-04', 12),
(1679, '2024-08-05', 12),
(1680, '2024-08-06', 12),
(1681, '2024-08-07', 12),
(1682, '2024-08-08', 12),
(1683, '2024-08-09', 12),
(1684, '2024-08-10', 12),
(1685, '2024-08-11', 12),
(1686, '2024-08-12', 12),
(1687, '2024-08-13', 12),
(1688, '2024-08-14', 12),
(1689, '2024-08-15', 12),
(1690, '2024-08-16', 12),
(1691, '2024-08-17', 12),
(1692, '2024-08-18', 12),
(1693, '2024-08-19', 12),
(1694, '2024-08-20', 12),
(1695, '2024-08-21', 12),
(1696, '2024-08-22', 12),
(1697, '2024-08-23', 12),
(1698, '2024-08-24', 12),
(1699, '2024-08-25', 12),
(1700, '2024-08-26', 12),
(1701, '2024-08-27', 12),
(1702, '2024-08-28', 12),
(1703, '2024-08-29', 12),
(1704, '2024-08-30', 12),
(1705, '2024-08-31', 12),
(1706, '2024-09-01', 12),
(1707, '2024-09-02', 12),
(1708, '2024-09-03', 12),
(1709, '2024-09-04', 12),
(1710, '2024-09-05', 12),
(1711, '2024-09-06', 12),
(1712, '2024-09-07', 12),
(1713, '2024-09-08', 12),
(1714, '2024-09-09', 12),
(1715, '2024-09-10', 12),
(1716, '2024-09-11', 12),
(1717, '2024-09-12', 12),
(1718, '2024-09-13', 12),
(1719, '2024-09-14', 12),
(1720, '2024-09-15', 12),
(1721, '2024-09-16', 12),
(1722, '2024-09-17', 12),
(1723, '2024-09-18', 12),
(1724, '2024-09-19', 12),
(1725, '2024-09-20', 12),
(1726, '2024-09-21', 12),
(1727, '2024-09-22', 12),
(1728, '2024-09-23', 12),
(1729, '2024-09-24', 12),
(1730, '2024-09-25', 12),
(1731, '2024-09-26', 12),
(1732, '2024-09-27', 12),
(1733, '2024-09-28', 12),
(1734, '2024-09-29', 12),
(1735, '2024-09-30', 12),
(1736, '2024-10-01', 12),
(1737, '2024-10-02', 12),
(1738, '2024-10-03', 12),
(1739, '2024-10-04', 12),
(1740, '2024-10-05', 12),
(1741, '2024-10-06', 12),
(1742, '2024-10-07', 12),
(1743, '2024-10-08', 12),
(1744, '2024-10-09', 12),
(1745, '2024-10-10', 12),
(1746, '2024-10-11', 12),
(1747, '2024-10-12', 12),
(1748, '2024-10-13', 12),
(1749, '2024-10-14', 12),
(1750, '2024-10-15', 12),
(1751, '2024-10-16', 12),
(1752, '2024-10-17', 12),
(1753, '2024-10-18', 12),
(1754, '2024-10-19', 12),
(1755, '2024-10-20', 12),
(1756, '2024-10-21', 12),
(1757, '2024-10-22', 12),
(1758, '2024-10-23', 12),
(1759, '2024-10-24', 12),
(1760, '2024-10-25', 12),
(1761, '2024-10-26', 12),
(1762, '2024-10-27', 12),
(1763, '2024-10-28', 12),
(1764, '2024-10-29', 12),
(1765, '2024-10-30', 12),
(1766, '2024-10-31', 12),
(1767, '2024-11-01', 12),
(1768, '2024-11-02', 12),
(1769, '2024-11-03', 12),
(1770, '2024-11-04', 12),
(1771, '2024-11-05', 12),
(1772, '2024-11-06', 12),
(1773, '2024-11-07', 12),
(1774, '2024-11-08', 12),
(1775, '2024-11-09', 12),
(1776, '2024-11-10', 12),
(1777, '2024-11-11', 12),
(1778, '2024-11-12', 12),
(1779, '2024-11-13', 12),
(1780, '2024-11-14', 12),
(1781, '2024-11-15', 12),
(1782, '2024-11-16', 12),
(1783, '2024-11-17', 12),
(1784, '2024-11-18', 12),
(1785, '2024-11-19', 12),
(1786, '2024-11-20', 12),
(1787, '2024-11-21', 12),
(1788, '2024-11-22', 12),
(1789, '2024-11-23', 12),
(1790, '2024-11-24', 12),
(1791, '2024-11-25', 12),
(1792, '2024-11-26', 12),
(1793, '2024-11-27', 12),
(1794, '2024-11-28', 12),
(1795, '2024-11-29', 12),
(1796, '2024-11-30', 12),
(1797, '2024-12-01', 12),
(1798, '2024-12-02', 12),
(1799, '2024-12-03', 12),
(1800, '2024-12-04', 12),
(1801, '2024-12-05', 12),
(1802, '2024-12-06', 12),
(1803, '2024-12-07', 12),
(1804, '2024-12-08', 12),
(1805, '2024-12-09', 12),
(1806, '2024-12-10', 12),
(1807, '2024-12-11', 12),
(1808, '2024-12-12', 12),
(1809, '2024-12-13', 12),
(1810, '2024-12-14', 12),
(1811, '2024-12-15', 12),
(1812, '2024-12-16', 12),
(1813, '2024-12-17', 12),
(1814, '2024-12-18', 12),
(1815, '2024-12-19', 12),
(1816, '2024-12-20', 12),
(1817, '2024-12-21', 12),
(1818, '2024-12-22', 12),
(1819, '2024-12-23', 12),
(1820, '2024-12-24', 12),
(1821, '2024-12-25', 12),
(1822, '2024-12-26', 12),
(1823, '2024-12-27', 12),
(1824, '2024-12-28', 12),
(1825, '2024-12-29', 12),
(1826, '2024-12-30', 12),
(1827, '2024-12-31', 12);

-- --------------------------------------------------------

--
-- Table structure for table `opendate`
--

CREATE TABLE `opendate` (
  `calendar_id` int(11) NOT NULL,
  `open_date` date NOT NULL COMMENT 'วันเปิดเทอม',
  `close_date` date DEFAULT NULL COMMENT 'วันปิดเทอม',
  `start_mid_date` date DEFAULT NULL COMMENT 'วันเริ่มสอบมิดเทอม',
  `last_mid_date` date DEFAULT NULL COMMENT 'วันสุดท้ายของการมิดเทอม',
  `start_final_date` date DEFAULT NULL COMMENT 'วันเริ่มสอบไฟนอล',
  `last_final_date` date DEFAULT NULL COMMENT 'วันสุดท้ายของการสอบไฟนอล',
  `term_id` int(11) NOT NULL,
  `year_id` int(11) NOT NULL
) ENGINE=InnoDB DEFAULT CHARSET=latin1 COLLATE=latin1_swedish_ci;

--
-- Dumping data for table `opendate`
--

INSERT INTO `opendate` (`calendar_id`, `open_date`, `close_date`, `start_mid_date`, `last_mid_date`, `start_final_date`, `last_final_date`, `term_id`, `year_id`) VALUES
(1, '2020-07-13', '2020-11-23', '2020-08-29', '2020-09-06', '2020-11-09', '2020-11-20', 1, 1),
(2, '2020-12-07', '2021-04-16', '2021-01-23', '2021-01-31', '2021-03-29', '2021-04-09', 2, 1),
(3, '2021-05-03', '2021-06-08', NULL, NULL, '2021-06-05', '2021-06-07', 3, 1),
(4, '2021-06-28', '2021-11-08', '2021-08-14', '2021-08-22', '2022-10-25', '2022-11-05', 1, 2),
(5, '2021-11-29', '2022-04-11', '2022-01-15', '2022-01-23', '2022-03-26', '2022-04-08', 2, 2),
(6, '2022-04-25', '2022-05-31', NULL, NULL, '2022-05-28', '2022-05-30', 3, 2),
(7, '2022-06-27', '2022-11-07', '2022-08-13', '2022-08-21', '2022-10-24', '2022-11-04', 1, 3),
(8, '2022-11-28', '2023-04-03', '2023-01-14', '2023-01-22', '2023-03-20', '2023-03-31', 2, 3),
(9, '2023-04-24', '2023-06-06', NULL, NULL, '2023-06-03', '2023-06-05', 3, 3),
(10, '2023-06-26', '2023-11-06', '2023-08-12', '2023-08-20', '2023-10-23', '2023-11-03', 1, 4),
(11, '2023-11-20', '2024-04-01', '2024-01-13', '2024-01-21', '2024-03-18', '2024-03-29', 2, 4),
(12, '2024-04-22', '2023-06-04', NULL, NULL, '2024-06-01', '2024-06-03', 3, 4);

-- --------------------------------------------------------

--
-- Table structure for table `term`
--

CREATE TABLE `term` (
  `term_id` int(11) NOT NULL COMMENT 'รหัสภาคเรียน',
  `term_name` varchar(20) CHARACTER SET utf8 COLLATE utf8_unicode_ci NOT NULL COMMENT 'ชื่อภาคเรียน'
) ENGINE=InnoDB DEFAULT CHARSET=latin1 COLLATE=latin1_swedish_ci;

--
-- Dumping data for table `term`
--

INSERT INTO `term` (`term_id`, `term_name`) VALUES
(1, 'ภาคต้น'),
(2, 'ภาคปลาย'),
(3, 'ภาคฤดูร้อน');

-- --------------------------------------------------------

--
-- Table structure for table `year`
--

CREATE TABLE `year` (
  `year_id` int(11) NOT NULL COMMENT 'รหัสปี',
  `year_num` varchar(5) NOT NULL COMMENT 'ปีการศึกษา'
) ENGINE=InnoDB DEFAULT CHARSET=latin1 COLLATE=latin1_swedish_ci;

--
-- Dumping data for table `year`
--

INSERT INTO `year` (`year_id`, `year_num`) VALUES
(1, '2563'),
(2, '2564'),
(3, '2565'),
(4, '2566');

-- --------------------------------------------------------

--
-- Structure for view `academic_year`
--
DROP TABLE IF EXISTS `academic_year`;

CREATE ALGORITHM=UNDEFINED DEFINER=`root`@`localhost` SQL SECURITY DEFINER VIEW `academic_year`  AS SELECT `getdate`.`get_date` AS `วันที่`, if(`getdate`.`get_date` between `opendate`.`open_date` and `opendate`.`close_date`,to_days(`getdate`.`get_date`) - to_days(`opendate`.`open_date`),NULL) + 1 AS `วันที่หลังเปิดเทอม`, if(`getdate`.`get_date` between `opendate`.`open_date` and `opendate`.`close_date`,ceiling((to_days(`getdate`.`get_date`) - to_days(`opendate`.`open_date`) + 1) / 7),NULL) AS `สัปดาห์ที่หลังเปิดเทอม`, if(`getdate`.`get_date` between `opendate`.`open_date` and `opendate`.`close_date`,`term`.`term_name`,'ปิดเทอม') AS `เทอม`, `year`.`year_num` AS `ปีการศึกษา`, CASE WHEN `getdate`.`get_date` between `opendate`.`start_mid_date` and `opendate`.`last_mid_date` THEN 1 ELSE NULL END AS `เป็นสอบกลางภาค`, CASE WHEN `getdate`.`get_date` between `opendate`.`start_final_date` and `opendate`.`last_final_date` THEN 1 ELSE NULL END AS `เป็นสอบปลายภาค`, CASE WHEN `getdate`.`get_date` between `opendate`.`open_date` and `opendate`.`last_mid_date` THEN 0 WHEN `getdate`.`get_date` between `opendate`.`last_mid_date` and `opendate`.`close_date` THEN 1 ELSE NULL END AS `ก่อนmid:0 หลังmid:1` FROM (((`getdate` join `opendate` on(`getdate`.`calendar_id` = `opendate`.`calendar_id`)) join `term` on(`opendate`.`term_id` = `term`.`term_id`)) join `year` on(`opendate`.`year_id` = `year`.`year_id`)) ORDER BY `getdate`.`get_date` ASC ;

--
-- Indexes for dumped tables
--

--
-- Indexes for table `getdate`
--
ALTER TABLE `getdate`
  ADD PRIMARY KEY (`get_id`),
  ADD KEY `open_id` (`calendar_id`);

--
-- Indexes for table `opendate`
--
ALTER TABLE `opendate`
  ADD PRIMARY KEY (`calendar_id`),
  ADD KEY `term_id` (`term_id`),
  ADD KEY `year_id` (`year_id`);

--
-- Indexes for table `term`
--
ALTER TABLE `term`
  ADD PRIMARY KEY (`term_id`);

--
-- Indexes for table `year`
--
ALTER TABLE `year`
  ADD PRIMARY KEY (`year_id`);

--
-- AUTO_INCREMENT for dumped tables
--

--
-- AUTO_INCREMENT for table `getdate`
--
ALTER TABLE `getdate`
  MODIFY `get_id` int(11) NOT NULL AUTO_INCREMENT, AUTO_INCREMENT=1828;

--
-- AUTO_INCREMENT for table `opendate`
--
ALTER TABLE `opendate`
  MODIFY `calendar_id` int(11) NOT NULL AUTO_INCREMENT, AUTO_INCREMENT=14;

--
-- AUTO_INCREMENT for table `term`
--
ALTER TABLE `term`
  MODIFY `term_id` int(11) NOT NULL AUTO_INCREMENT COMMENT 'รหัสภาคเรียน', AUTO_INCREMENT=4;

--
-- AUTO_INCREMENT for table `year`
--
ALTER TABLE `year`
  MODIFY `year_id` int(11) NOT NULL AUTO_INCREMENT COMMENT 'รหัสปี', AUTO_INCREMENT=6;

--
-- Constraints for dumped tables
--

--
-- Constraints for table `getdate`
--
ALTER TABLE `getdate`
  ADD CONSTRAINT `GetDate_ibfk_1` FOREIGN KEY (`calendar_id`) REFERENCES `opendate` (`calendar_id`) ON DELETE CASCADE ON UPDATE CASCADE;

--
-- Constraints for table `opendate`
--
ALTER TABLE `opendate`
  ADD CONSTRAINT `OpenDate_ibfk_1` FOREIGN KEY (`term_id`) REFERENCES `term` (`term_id`) ON DELETE CASCADE ON UPDATE CASCADE,
  ADD CONSTRAINT `OpenDate_ibfk_2` FOREIGN KEY (`year_id`) REFERENCES `year` (`year_id`) ON DELETE CASCADE ON UPDATE CASCADE;
COMMIT;

/*!40101 SET CHARACTER_SET_CLIENT=@OLD_CHARACTER_SET_CLIENT */;
/*!40101 SET CHARACTER_SET_RESULTS=@OLD_CHARACTER_SET_RESULTS */;
/*!40101 SET COLLATION_CONNECTION=@OLD_COLLATION_CONNECTION */;
